{"cameraMode":{"drawMode":0,"name":"Shaded","section":"Shading Mode"},"sceneLighting":true,"audioPlay":false,"sceneViewState":{"m_AlwaysRefresh":false,"showFog":true,"showSkybox":true,"showFlares":true,"showImageEffects":true,"showParticleSystems":true,"showVisualEffectGraphs":true,"m_FxEnabled":true},"in2DMode":false,"pivot":{"x":13.328508377075196,"y":-1.0798916816711426,"z":11.988414764404297},"rotation":{"x":-0.13298338651657105,"y":0.0792960450053215,"z":-0.010674555785953999,"w":-0.987886369228363},"size":29.64199447631836,"orthographic":false}